0	0.000000	0.000000	0.000000	0.000000	0.000000	0.000000	0.000000	0.000000	0.000000	0.000000	0.000000	0.000000	0.000000	0.000000
20	158.087930	-2194.778875	0.000000	10204.406097	10204.406097	0.000000	0.000000	0.000000	42.617020	242.535675	68.087930	903.060000	0.000000	0.000000
40	988.958469	47.693180	0.000000	10154.273225	10154.273225	0.000000	0.000000	1.877359	770.772441	741.436693	906.158469	779.709962	0.000000	0.000000
60	985.183439	289.141766	27.940310	10188.500455	10160.560145	0.048920	0.000913	1.430657	752.448608	916.203312	907.657439	945.000000	0.000000	0.000000
80	1046.512577	167.130509	39.340511	10152.970013	10113.629502	0.051231	0.000959	1.340623	766.703445	962.095499	938.493137	987.840000	0.000000	0.000000
100	1051.869332	177.664798	69.589413	10247.930252	10178.340840	0.072348	0.001365	1.041657	759.519074	987.672706	936.448450	1011.411940	0.000000	0.000000
120	1018.626052	185.843949	94.471713	10339.202167	10244.730454	0.081186	0.001545	0.852283	696.491504	1009.687536	863.385413	1030.289468	0.000000	0.000000
140	946.027209	177.156821	100.603799	10410.008204	10309.404405	0.084736	0.001400	0.797639	633.868018	1011.746207	786.372836	1029.465672	0.000000	0.000000
160	896.212108	154.689204	119.444774	10502.669956	10383.225182	0.102678	0.001449	0.853272	602.184999	982.386323	738.408394	999.266922	0.000000	0.000000
180	878.440765	154.543741	135.137197	10600.699714	10465.562517	0.256205	0.001445	1.468391	594.000556	954.846917	717.087063	972.592604	0.000000	0.000000
200	883.935833	163.947804	136.445408	10671.189759	10534.744350	0.162697	0.001304	0.755945	598.945831	947.658660	719.367315	965.911802	0.000000	0.000000
220	897.549189	181.983851	138.342393	10741.265479	10602.923086	0.194532	0.001194	0.719639	607.178014	967.659971	731.665226	983.592861	0.000000	0.000000
240	901.818765	168.642504	144.836054	10810.800745	10665.964691	0.106351	0.001141	0.575536	612.933442	962.179448	733.869731	980.070013	0.000000	0.000000
260	912.477725	180.396287	151.104587	10890.960169	10739.855582	0.133706	0.001093	0.682718	621.336669	978.754057	753.317410	992.812119	0.000000	0.000000
280	912.454270	176.858226	165.620795	10980.241535	10814.620740	0.095760	0.001106	0.537942	617.433766	976.839200	748.337863	994.984760	0.000000	0.000000
300	900.990754	174.832749	170.655316	11060.973507	10890.318191	0.134644	0.001056	0.587614	621.018994	986.842153	750.072051	1003.096427	0.000000	0.000000
320	897.811126	174.422525	178.167881	11147.813909	10969.646029	0.072588	0.001026	0.374236	610.716797	977.036588	735.468830	995.798280	0.000000	0.000000
340	888.322205	165.636651	175.751983	11227.163851	11051.411868	0.081848	0.000948	0.369094	614.930884	972.996793	737.459395	990.870502	0.000000	0.000000
360	895.460977	177.235662	170.177838	11305.962403	11135.784564	0.074256	0.000861	0.342515	612.968108	973.605874	732.735605	991.733268	0.000000	0.000000
380	878.204974	177.656738	163.888947	11379.555909	11215.666962	0.061063	0.000780	0.256754	616.671904	982.045158	735.228829	1000.712522	0.000000	0.000000
400	895.271883	173.932604	154.807105	11450.764735	11295.957630	0.043811	0.000696	0.255105	609.395602	985.473009	726.962495	1003.930643	0.000000	0.000000
420	893.850720	170.881566	144.900533	11527.051044	11382.150510	1.435825	0.000616	13.959512	619.342473	979.441042	734.713603	997.183318	0.000000	0.000000
440	907.815385	182.797955	136.756953	11612.141516	11475.384563	0.390378	0.000551	5.318924	629.084319	996.954583	747.214535	1014.997747	0.000000	0.000000
460	881.956414	175.479899	130.819894	11697.300451	11566.480557	0.060308	0.000501	0.399499	628.048128	1000.332143	745.683021	1013.752764	0.000000	0.000000
480	867.349160	171.082557	123.384476	11785.833793	11662.449317	0.028411	0.000450	0.222207	615.222528	1000.281175	729.413747	1014.262727	0.000000	0.000000
500	830.260882	160.750157	113.706599	11875.125086	11761.418487	0.036378	0.000395	0.280671	617.668114	967.965138	729.486137	988.299876	0.000000	0.000000
520	869.168543	174.706016	101.534741	11967.137952	11865.603211	0.025305	0.000337	0.213959	613.150501	990.822369	725.905955	1006.076007	0.000000	0.000000
540	834.363446	162.681952	89.362884	12047.371788	11958.008905	0.027328	0.000283	0.249034	614.942773	968.063506	722.328972	985.332247	0.000000	0.000000
560	830.691732	181.722857	78.780270	12131.921458	12053.141188	0.020883	0.000239	0.217669	617.500138	985.516794	725.183660	1002.577783	0.000000	0.000000
580	809.509565	167.698148	68.360489	12210.540283	12142.179794	0.031128	0.000199	0.268800	612.539054	982.828723	716.366533	1002.717932	0.000000	0.000000
600	794.541253	165.138039	59.502781	12295.720852	12236.218071	0.013406	0.000166	0.211960	618.798967	971.442607	717.515059	990.472663	0.000000	0.000000
620	825.012555	175.083907	51.664704	12379.344905	12327.680201	0.009395	0.000139	0.151618	615.710671	987.343022	714.858932	1006.503954	0.000000	0.000000
640	818.544557	170.357334	44.022758	12452.268991	12408.246232	0.009151	0.000114	0.168268	606.562759	989.089256	700.692730	1008.281564	0.000000	0.000000
660	813.971029	165.201040	37.735220	12527.178838	12489.443618	0.024132	0.000094	0.281814	626.214878	981.654614	716.917658	999.477835	0.000000	0.000000
680	856.140595	186.000148	31.924935	12605.307405	12573.382470	0.007297	0.000077	0.165486	637.259456	1007.252341	729.711278	1026.023887	0.000000	0.000000
700	846.263576	173.220856	26.849398	12672.827304	12645.977906	0.004814	0.000062	0.165488	649.565550	1001.528024	739.750377	1022.266838	0.000000	0.000000
720	896.080198	185.330057	22.208911	12744.755913	12722.547003	0.003205	0.000050	0.130831	656.703830	1031.821910	749.540699	1051.042007	0.000000	0.000000
740	901.482417	166.010121	17.582551	12814.733030	12797.150479	0.003316	0.000038	0.175784	666.051226	1025.557563	759.300863	1044.968510	0.000000	0.000000
760	935.681658	191.341412	13.550516	12896.174308	12882.623792	0.002690	0.000028	0.132327	677.071601	1043.419466	771.897837	1066.870454	0.000000	0.000000
780	943.415440	170.772136	10.381357	12962.964860	12952.583504	0.001616	0.000021	0.143358	708.434826	1046.536443	805.225550	1064.089131	0.000000	0.000000
800	990.435897	193.639829	7.965268	13046.364588	13038.399320	0.001096	0.000016	0.115034	711.388981	1071.732401	809.229278	1093.784661	0.000000	0.000000
820	990.539768	183.261157	5.897197	13116.492417	13110.595220	0.001215	0.000011	0.136115	713.909420	1085.188982	809.923323	1104.203863	0.000000	0.000000
840	991.089285	177.139761	4.680855	13199.292213	13194.611359	0.000603	0.000009	0.132885	730.520506	1077.974233	821.745025	1100.506812	0.000000	0.000000
860	1027.890328	197.619940	3.614264	13284.181709	13280.567445	0.000454	0.000007	0.108675	733.653550	1104.241885	827.844042	1128.194064	0.000000	0.000000
880	1014.109520	181.984254	2.724980	13360.210844	13357.485864	0.000366	0.000005	0.115537	740.669835	1105.861504	829.387360	1130.476843	0.000000	0.000000
900	1012.969394	182.968012	2.036724	13447.217106	13445.180382	0.000235	0.000003	0.117472	759.353657	1109.976343	847.534348	1136.123489	0.000000	0.000000
920	1026.111194	188.691157	1.435830	13533.704148	13532.268318	0.000181	0.000002	0.108814	760.007936	1126.779717	846.603844	1148.488425	0.000000	0.000000
940	940.229929	179.945302	0.762324	13618.096088	13617.333764	0.000170	0.000001	0.113740	762.228641	1121.342362	843.076385	1142.973698	0.000000	0.000000
960	956.806305	189.570909	0.321361	13704.503222	13704.181861	0.000031	0.000001	0.103968	734.574332	1137.464896	811.893154	1155.502672	0.000000	0.000000
980	907.667234	177.758221	0.106877	13787.618477	13787.511600	0.000013	0.000000	0.111111	697.561837	1132.564457	773.416591	1153.611876	0.000000	0.000000
1000	859.787598	152.663638	0.030282	13879.255355	13879.225074	0.000007	0.000000	0.155327	706.423741	1084.969930	770.556919	1109.512211	0.000000	0.000000
1020	880.073670	177.081876	0.020188	13973.234713	13973.214526	0.000002	0.000000	0.124486	707.000556	1100.971011	771.024896	1121.281432	0.000000	0.000000
1040	828.069912	184.190282	0.010094	14052.098676	14052.088582	0.000002	0.000000	0.103791	691.234130	1100.839495	749.908028	1120.736803	0.000000	0.000000
1060	785.943814	163.898291	-0.000000	14126.167210	14126.167210	-0.000000	-0.000000	0.112867	683.933516	1093.370907	737.294636	1112.016646	0.000000	0.000000
1080	767.697019	165.262156	0.000000	14207.308732	14207.308732	0.000000	0.000000	0.126121	674.099629	1079.288885	724.395304	1101.531603	0.000000	0.000000
1100	769.553172	174.548222	0.000000	14285.252318	14285.252318	0.000000	0.000000	0.163050	657.909008	1082.494519	701.890374	1101.895922	0.000000	0.000000
1120	774.300304	137.233758	0.000000	14356.475841	14356.475841	0.000000	0.000000	0.281532	678.973178	1053.602051	716.885452	1071.682642	0.000000	0.000000
1140	805.317861	195.846980	0.000000	14436.187761	14436.187761	0.000000	0.000000	0.084810	681.984592	1086.058224	723.941723	1106.778633	0.000000	0.000000
1160	793.280760	169.141760	0.000000	14482.659187	14482.659187	0.000000	0.000000	0.129858	680.977580	1089.923525	722.372255	1109.504794	0.000000	0.000000
1180	803.245720	178.755106	0.000000	14551.042205	14551.042205	0.000000	0.000000	0.078819	695.093099	1089.229289	734.903497	1111.150451	0.000000	0.000000
1200	814.712278	169.019628	0.000000	14611.943423	14611.943423	0.000000	0.000000	0.107204	704.958965	1097.616760	743.920037	1117.290463	0.000000	0.000000
1220	873.055916	195.024456	0.000000	14676.365921	14676.365921	0.000000	0.000000	0.083620	709.201662	1119.262921	756.572167	1137.886083	0.000000	0.000000
1240	877.785834	158.225297	0.000000	14730.072336	14730.072336	0.000000	0.000000	0.105032	736.669525	1098.151384	774.554541	1121.190722	0.000000	0.000000
1260	955.280110	200.900141	0.000000	14800.260591	14800.260591	0.000000	0.000000	0.085121	764.336654	1145.241049	812.869797	1163.058929	0.000000	0.000000
1280	939.138347	187.242344	0.000000	14848.484653	14848.484653	0.000000	0.000000	0.083871	776.778870	1152.962923	821.352276	1175.809040	0.000000	0.000000
1300	993.483870	195.727308	0.000000	14905.436376	14905.436376	0.000000	0.000000	0.075803	782.202530	1178.249963	828.147940	1199.735051	0.000000	0.000000
1320	1003.780997	183.919095	0.000000	14960.655306	14960.655306	0.000000	0.000000	0.080645	801.419454	1179.254816	843.986895	1203.982024	0.000000	0.000000
1340	1043.366486	186.538794	0.000000	15023.532900	15023.532900	0.000000	0.000000	0.084855	836.906653	1193.367011	878.486977	1215.983714	0.000000	0.000000
1360	1095.075616	197.201215	0.000000	15084.039572	15084.039572	0.000000	0.000000	0.072387	845.860882	1216.317430	887.623056	1239.334217	0.000000	0.000000
1380	1122.491168	195.060021	0.000000	15140.188640	15140.188640	0.000000	0.000000	0.071911	858.568939	1232.948379	898.976457	1257.848929	0.000000	0.000000
1400	1140.399802	195.174562	0.000000	15202.351022	15202.351022	0.000000	0.000000	0.071613	889.098087	1253.789283	928.358480	1272.255594	0.000000	0.000000
1420	1157.608323	190.880907	0.000000	15267.670264	15267.670264	0.000000	0.000000	0.082624	908.065009	1251.983037	943.199638	1277.989339	0.000000	0.000000
1440	1168.418495	200.054505	0.000000	15338.959944	15338.959944	0.000000	0.000000	0.068341	923.602640	1273.093676	958.863501	1295.061311	0.000000	0.000000
1460	1152.556187	198.900070	0.000000	15407.862015	15407.862015	0.000000	0.000000	0.068505	916.082363	1286.765648	956.583730	1308.305481	0.000000	0.000000
1480	1086.318132	199.518704	0.000000	15483.517241	15483.517241	0.000000	0.000000	0.067984	904.196328	1300.152265	942.396410	1317.771048	0.000000	0.000000
1500	1051.458153	198.161498	0.000000	15561.733196	15561.733196	0.000000	0.000000	0.067569	853.050482	1304.783501	886.989666	1323.185129	0.000000	0.000000
1520	962.851831	195.695258	0.000000	15643.160823	15643.160823	0.000000	0.000000	0.067596	803.475358	1299.461053	830.148279	1315.723045	0.000000	0.000000
1540	928.570194	168.783608	0.000000	15725.559220	15725.559220	0.000000	0.000000	0.083900	775.196586	1282.565606	793.976086	1302.709680	0.000000	0.000000
1560	844.708807	174.567875	0.000000	15820.137712	15820.137712	0.000000	0.000000	0.079089	773.072745	1232.415056	778.833751	1251.081450	0.000000	0.000000
1580	802.706291	166.072655	0.000000	15907.692311	15907.692311	0.000000	0.000000	0.076603	755.672418	1223.613309	756.842747	1243.048525	0.000000	0.000000
1600	785.813582	157.316744	0.000000	15990.698761	15990.698761	0.000000	0.000000	0.064388	735.270990	1201.959356	735.780101	1221.138458	0.000000	0.000000
1620	761.354648	181.871793	0.000000	16068.099051	16068.099051	0.000000	0.000000	0.152179	726.615498	1190.830812	718.655588	1211.690714	0.000000	0.000000
1640	746.332394	158.038918	0.000000	16134.145345	16134.145345	0.000000	0.000000	1.487104	726.220110	1179.917999	717.886107	1206.030302	0.000000	0.000000
1660	761.191642	168.844155	0.000000	16209.861500	16209.861500	0.000000	0.000000	0.081730	730.280394	1180.648157	716.755778	1205.398095	0.000000	0.000000
1680	772.451783	180.316342	0.000000	16278.288795	16278.288795	0.000000	0.000000	0.062161	728.485864	1192.129248	717.555258	1218.210319	0.000000	0.000000
1700	752.573738	182.322903	0.000000	16338.685950	16338.685950	0.000000	0.000000	0.095161	735.322488	1183.087566	727.891397	1207.275124	0.000000	0.000000
1720	773.831995	179.226555	0.000000	16400.607414	16400.607414	0.000000	0.000000	0.119414	744.733862	1194.555646	735.487727	1214.524740	0.000000	0.000000
1740	785.425894	173.502115	0.000000	16459.304018	16459.304018	0.000000	0.000000	0.068269	752.760631	1189.192073	740.239864	1211.685655	0.000000	0.000000
1760	808.945928	181.947766	0.000000	16516.959288	16516.959288	0.000000	0.000000	0.066220	766.035022	1199.245129	748.222329	1218.960798	0.000000	0.000000
1780	845.398845	200.298541	0.000000	16571.140331	16571.140331	0.000000	0.000000	0.072606	775.073934	1227.593683	760.442662	1251.278534	0.000000	0.000000
1800	878.486942	184.039975	0.000000	16615.332402	16615.332402	0.000000	0.000000	0.058641	804.706129	1236.058922	785.019399	1259.718628	0.000000	0.000000
1820	941.005041	200.271184	0.000000	16669.311233	16669.311233	0.000000	0.000000	0.062615	820.847642	1268.211267	805.996332	1293.524539	0.000000	0.000000
1840	991.441912	194.120940	0.000000	16717.621100	16717.621100	0.000000	0.000000	0.056741	846.165223	1283.508182	829.138848	1311.793103	0.000000	0.000000
1860	1049.152402	198.111300	0.000000	16768.351348	16768.351348	0.000000	0.000000	0.064093	881.860824	1310.421952	864.294941	1335.243027	0.000000	0.000000
1880	1098.826714	196.726333	0.000000	16819.671089	16819.671089	0.000000	0.000000	0.055558	924.867907	1327.338760	903.511582	1352.142710	0.000000	0.000000
1900	1155.104559	202.211225	0.000000	16873.838446	16873.838446	0.000000	0.000000	0.052843	960.298534	1352.483777	934.851853	1373.352875	0.000000	0.000000
1920	1189.117461	202.154141	0.000000	16926.354696	16926.354696	0.000000	0.000000	0.051877	992.142140	1369.847127	962.465672	1394.370265	0.000000	0.000000
1940	1233.377077	200.144306	0.000000	16980.488995	16980.488995	0.000000	0.000000	0.052491	1031.033599	1384.354067	1004.468147	1410.020688	0.000000	0.000000
1960	1290.431120	203.730893	0.000000	17039.856392	17039.856392	0.000000	0.000000	0.051286	1063.833141	1400.567117	1033.718586	1428.761773	0.000000	0.000000
1980	1239.059323	204.510007	0.000000	17101.426088	17101.426088	0.000000	0.000000	0.050949	1101.367342	1416.177991	1066.933471	1443.040154	0.000000	0.000000
2000	1275.433402	206.241104	0.000000	17163.422336	17163.422336	0.000000	0.000000	0.050296	1096.152326	1432.054293	1058.308507	1457.283351	0.000000	0.000000
2020	1246.305366	207.729078	0.000000	17228.460971	17228.460971	0.000000	0.000000	0.049595	1076.522176	1445.514799	1034.944629	1470.662900	0.000000	0.000000
2040	1201.746280	206.300695	0.000000	17296.215347	17296.215347	0.000000	0.000000	0.049779	1061.310593	1453.304776	1018.027543	1480.892315	0.000000	0.000000
2060	1196.771296	209.700318	0.000000	17370.166992	17370.166992	0.000000	0.000000	0.049030	1030.716129	1475.278571	990.227336	1497.579481	0.000000	0.000000
2080	1133.325747	209.251588	0.000000	17450.629613	17450.629613	0.000000	0.000000	0.048891	981.805600	1475.521845	941.223120	1503.895358	0.000000	0.000000
2100	1055.424978	206.225826	0.000000	17535.996831	17535.996831	0.000000	0.000000	0.048727	940.893326	1477.952187	898.895765	1501.965179	0.000000	0.000000
2120	954.689463	182.219087	0.000000	17626.481430	17626.481430	0.000000	0.000000	0.058857	908.126487	1441.392563	857.770680	1462.356671	0.000000	0.000000
2140	882.583162	184.966099	0.000000	17730.509295	17730.509295	0.000000	0.000000	0.056560	872.514605	1419.415576	815.939680	1440.104038	0.000000	0.000000
2160	836.263298	159.425025	0.000000	17826.091209	17826.091209	0.000000	0.000000	0.088298	844.688142	1372.110874	782.712737	1390.850238	0.000000	0.000000
2180	814.123752	169.309861	0.000000	17923.583009	17923.583009	0.000000	0.000000	0.078497	812.162756	1352.920746	752.948770	1378.126150	0.000000	0.000000
2200	767.305369	161.256254	0.000000	18009.802982	18009.802982	0.000000	0.000000	0.051115	794.449262	1320.133402	728.523082	1342.372053	0.000000	0.000000
2220	770.933784	161.258251	0.000000	18098.893105	18098.893105	0.000000	0.000000	0.073523	800.195994	1294.156637	728.364064	1320.988745	0.000000	0.000000
2240	793.107679	177.555875	0.000000	18179.653037	18179.653037	0.000000	0.000000	0.036971	807.359368	1312.414291	740.022674	1335.190373	0.000000	0.000000
2260	768.179534	174.958770	0.000000	18244.991512	18244.991512	0.000000	0.000000	0.044731	818.396231	1299.188207	743.558528	1319.708282	0.000000	0.000000
2280	797.653764	182.766947	0.000000	18318.721087	18318.721087	0.000000	0.000000	1.236510	828.440604	1314.847806	752.885653	1341.490404	0.000000	0.000000
2300	811.610658	208.454629	0.000000	18385.634457	18385.634457	0.000000	0.000000	0.058482	836.763592	1330.472608	760.467816	1357.904907	0.000000	0.000000
2320	870.426871	184.630717	0.000000	18440.840810	18440.840810	0.000000	0.000000	0.052887	864.211925	1347.946438	781.995816	1375.812719	0.000000	0.000000
2340	859.891048	208.251517	0.000000	18507.383441	18507.383441	0.000000	0.000000	0.173839	886.692787	1374.722296	801.110737	1404.510092	0.000000	0.000000
2360	883.670875	201.055246	0.000000	18561.023916	18561.023916	0.000000	0.000000	0.045005	897.806946	1404.701075	812.194795	1431.456013	0.000000	0.000000
2380	910.884872	188.798473	0.000000	18620.890469	18620.890469	0.000000	0.000000	0.063292	903.990216	1404.755326	812.749580	1433.298317	0.000000	0.000000
2400	927.717310	197.645617	0.000000	18685.597872	18685.597872	0.000000	0.000000	0.047281	927.552419	1427.078720	830.212194	1450.661335	0.000000	0.000000
2420	974.986766	197.710424	0.000000	18740.113643	18740.113643	0.000000	0.000000	0.046645	930.706724	1443.561528	839.209308	1467.284941	0.000000	0.000000
2440	974.966473	194.677365	0.000000	18794.933768	18794.933768	0.000000	0.000000	0.043794	962.414078	1441.458128	861.103872	1469.751021	0.000000	0.000000
2460	1056.102854	196.999206	0.000000	18845.096021	18845.096021	0.000000	0.000000	0.043427	988.362192	1463.273468	881.248730	1494.925344	0.000000	0.000000
2480	1119.634250	208.932891	0.000000	18894.349879	18894.349879	0.000000	0.000000	0.042176	1021.463335	1496.047585	913.529760	1524.031325	0.000000	0.000000
2500	1162.385553	208.296992	0.000000	18939.994293	18939.994293	0.000000	0.000000	0.039785	1065.943765	1515.406087	949.229038	1545.026724	0.000000	0.000000
2520	1177.308977	208.339286	0.000000	18987.789400	18987.789400	0.000000	0.000000	0.039903	1115.695154	1546.477258	994.152731	1571.257431	0.000000	0.000000
2540	1232.860253	208.540152	0.000000	19039.469184	19039.469184	0.000000	0.000000	0.039826	1129.596526	1565.170793	1004.120112	1594.951235	0.000000	0.000000
2560	1243.372847	208.139757	0.000000	19092.668541	19092.668541	0.000000	0.000000	0.039647	1148.004442	1576.713267	1015.940363	1607.912173	0.000000	0.000000
2580	1260.704658	205.017895	0.000000	19147.661278	19147.661278	0.000000	0.000000	0.040564	1181.254817	1592.214783	1041.313096	1617.587145	0.000000	0.000000
2600	1259.992823	212.900246	0.000000	19208.152076	19208.152076	0.000000	0.000000	0.039134	1190.599784	1611.492806	1049.886821	1634.139735	0.000000	0.000000
2620	1248.778224	216.178778	0.000000	19268.922146	19268.922146	0.000000	0.000000	0.038262	1173.484291	1632.364897	1035.964836	1657.451574	0.000000	0.000000
2640	1217.110123	213.450333	0.000000	19335.859260	19335.859260	0.000000	0.000000	0.038368	1143.809954	1640.836457	1008.698224	1669.715222	0.000000	0.000000
2660	1072.832462	212.094307	0.000000	19410.953480	19410.953480	0.000000	0.000000	0.039487	1115.189489	1650.250369	990.218951	1675.959068	0.000000	0.000000
2680	1074.980245	210.133437	0.000000	19490.293873	19490.293873	0.000000	0.000000	0.040791	1011.144293	1653.084857	896.599962	1675.312684	0.000000	0.000000
2700	953.277704	161.003839	0.000000	19576.433704	19576.433704	0.000000	0.000000	0.062808	973.833357	1565.061974	846.352929	1591.193951	0.000000	0.000000
2720	926.362912	183.954709	0.000000	19680.020152	19680.020152	0.000000	0.000000	0.037587	982.738861	1546.146256	846.024905	1568.680767	0.000000	0.000000
2740	859.883484	198.835015	0.000000	19757.998909	19757.998909	0.000000	0.000000	0.040232	935.445486	1551.153404	806.413882	1575.993435	0.000000	0.000000
2760	782.794538	178.728904	0.000000	19833.615004	19833.615004	0.000000	0.000000	0.050984	907.845492	1507.929117	770.956848	1529.908403	0.000000	0.000000
2780	768.364315	149.616077	0.000000	19916.685052	19916.685052	0.000000	0.000000	0.048673	907.403412	1461.079560	761.120534	1491.101787	0.000000	0.000000
2800	764.971474	202.313363	0.000000	19998.937680	19998.937680	0.000000	0.000000	0.038487	879.771563	1489.021521	740.939368	1514.368772	0.000000	0.000000
2820	726.100174	145.996037	0.000000	20047.823550	20047.823550	0.000000	0.000000	0.000000	874.259384	1438.497034	723.827199	1463.629481	0.000000	0.000000
2840	308.232668	198.280095	0.000000	19902.721060	19902.721060	0.000000	0.000000	0.029564	352.350021	1363.165543	294.213319	1399.411476	0.000000	0.000000
2860	302.410043	198.944731	0.000000	19939.215020	19939.215020	0.000000	0.000000	0.032888	359.372107	1375.019576	298.109617	1413.286772	0.000000	0.000000
2880	326.695177	206.385380	0.000000	19967.017460	19967.017460	0.000000	0.000000	0.030321	365.303944	1423.651276	304.121784	1454.827012	0.000000	0.000000
2900	308.945718	193.800832	0.000000	19991.473732	19991.473732	0.000000	0.000000	0.035883	368.508959	1443.426114	308.608805	1477.980113	0.000000	0.000000
2920	354.895549	190.493021	0.000000	20029.517727	20029.517727	0.000000	0.000000	0.049945	375.273562	1465.579327	314.620121	1499.755695	0.000000	0.000000
2940	378.693189	191.726587	0.000000	20064.294886	20064.294886	0.000000	0.000000	0.034183	383.754736	1483.772249	320.329076	1520.106547	0.000000	0.000000
2960	412.790481	198.852698	0.000000	20093.109912	20093.109912	0.000000	0.000000	0.034815	394.401542	1517.188093	329.295219	1551.943972	0.000000	0.000000
2980	469.702116	198.435099	0.000000	20117.116677	20117.116677	0.000000	0.000000	0.035470	408.289505	1548.850419	342.925014	1582.008942	0.000000	0.000000
3000	537.004315	202.896087	0.000000	20148.556186	20148.556186	0.000000	0.000000	0.034432	425.365036	1578.400056	358.923865	1609.022413	0.000000	0.000000
3020	592.716132	203.744432	0.000000	20181.110743	20181.110743	0.000000	0.000000	0.033817	446.704077	1596.433498	377.002006	1633.579588	0.000000	0.000000
3040	626.232513	201.876621	0.000000	20215.069106	20215.069106	0.000000	0.000000	0.034264	471.493487	1619.722690	396.677276	1650.964673	0.000000	0.000000
3060	635.366504	204.495003	0.000000	20252.798578	20252.798578	0.000000	0.000000	0.033571	491.685970	1628.826698	410.796896	1664.263152	0.000000	0.000000
3080	660.437852	204.385241	0.000000	20287.424374	20287.424374	0.000000	0.000000	0.033506	514.275439	1643.148060	427.370669	1680.890679	0.000000	0.000000
3100	670.737162	205.152136	0.000000	20322.221725	20322.221725	0.000000	0.000000	0.033537	534.909096	1668.298629	442.456549	1696.601801	0.000000	0.000000
3120	655.736645	207.337527	0.000000	20357.643806	20357.643806	0.000000	0.000000	0.033051	546.777776	1681.951454	450.140257	1711.125594	0.000000	0.000000
3140	673.734624	207.712339	0.000000	20389.952078	20389.952078	0.000000	0.000000	0.033335	555.567098	1700.054007	461.651790	1727.460234	0.000000	0.000000
3160	738.743284	211.911784	0.000000	20431.890709	20431.890709	0.000000	0.000000	0.032447	574.050533	1713.490753	475.642958	1749.274256	0.000000	0.000000
3180	724.153086	213.341043	0.000000	20479.181027	20479.181027	0.000000	0.000000	0.032055	583.633155	1729.030866	484.170150	1766.713577	0.000000	0.000000
3200	707.773185	215.101275	0.000000	20534.645393	20534.645393	0.000000	0.000000	0.031897	586.505499	1753.337294	486.997682	1782.075361	0.000000	0.000000
3220	710.777184	218.617194	0.000000	20600.427078	20600.427078	0.000000	0.000000	0.031298	584.192227	1770.383469	485.700814	1802.616398	0.000000	0.000000
3240	707.189696	221.021327	0.000000	20674.401765	20674.401765	0.000000	0.000000	0.031011	578.286562	1792.427648	481.602266	1821.920934	0.000000	0.000000
3260	681.224193	224.126164	0.000000	20757.729738	20757.729738	0.000000	0.000000	0.030438	564.517843	1807.008800	470.484803	1837.863237	0.000000	0.000000
3280	676.294882	225.985724	0.000000	20848.324655	20848.324655	0.000000	0.000000	0.030253	548.411951	1829.786071	458.685211	1859.221536	0.000000	0.000000
3300	686.104503	229.308344	0.000000	20949.068918	20949.068918	0.000000	0.000000	0.029772	534.100411	1848.325409	446.188147	1880.859456	0.000000	0.000000
3320	639.185324	232.020856	0.000000	21059.010057	21059.010057	0.000000	0.000000	0.029437	508.960659	1869.150091	425.648119	1896.620452	0.000000	0.000000
3340	636.125385	234.728381	0.000000	21176.925422	21176.925422	0.000000	0.000000	0.029104	483.647723	1891.946066	404.840775	1920.368410	0.000000	0.000000
3360	545.220781	224.300719	0.000000	21304.611645	21304.611645	0.000000	0.000000	0.030338	446.321772	1876.079617	371.803125	1910.160682	0.000000	0.000000
3380	402.798837	158.433328	0.000000	21442.061093	21442.061093	0.000000	0.000000	0.046469	407.072230	1753.994986	334.887009	1779.557914	0.000000	0.000000
3400	310.226398	119.878623	0.000000	21609.350030	21609.350030	0.000000	0.000000	0.118657	374.630067	1608.192570	299.472968	1637.565322	0.000000	0.000000
3420	292.176466	106.615389	0.000000	21756.512908	21756.512908	0.000000	0.000000	0.146234	366.072238	1480.383899	286.185033	1511.820938	0.000000	0.000000
3440	292.680855	157.712824	0.000000	21888.594616	21888.594616	0.000000	0.000000	0.296253	369.300082	1467.571818	286.569802	1500.832611	0.000000	0.000000
3460	291.401143	171.827000	0.000000	21989.627209	21989.627209	0.000000	0.000000	0.100533	377.198787	1474.911608	291.401143	1507.077510	0.000000	0.000000
3480	310.192755	189.427111	0.000000	22074.776620	22074.776620	0.000000	0.000000	0.077945	389.915263	1503.816480	300.283235	1544.036134	0.000000	0.000000
3500	322.284416	207.807674	0.000000	22151.280202	22151.280202	0.000000	0.000000	0.032675	396.592039	1552.142949	305.264894	1595.694951	0.000000	0.000000
3520	338.547947	197.734407	0.000000	22215.964834	22215.964834	0.000000	0.000000	0.024207	402.980232	1571.872953	309.135522	1612.051416	0.000000	0.000000
3540	331.841082	200.441559	0.000000	22274.646479	22274.646479	0.000000	0.000000	0.035194	408.028257	1561.524208	309.890437	1606.934800	0.000000	0.000000
3560	341.332612	217.506604	0.000000	22325.101681	22325.101681	0.000000	0.000000	0.032259	413.177732	1593.848232	313.843173	1635.237066	0.000000	0.000000
3580	367.293997	210.481959	0.000000	22360.752225	22360.752225	0.000000	0.000000	0.023381	425.043095	1634.709747	322.712441	1676.489809	0.000000	0.000000
3600	346.667207	211.409053	0.000000	22401.651851	22401.651851	0.000000	0.000000	0.035653	425.969434	1681.396530	324.551381	1720.257901	0.000000	0.000000
3620	368.411864	193.570932	0.000000	22447.552068	22447.552068	0.000000	0.000000	0.030904	429.431176	1697.601079	328.915141	1729.083723	0.000000	0.000000
3640	418.974674	191.958132	0.000000	22505.704003	22505.704003	0.000000	0.000000	0.038507	439.819177	1699.014878	334.810142	1732.190947	0.000000	0.000000
3660	487.573223	212.258128	0.000000	22555.980271	22555.980271	0.000000	0.000000	0.029671	457.635134	1748.374342	348.632536	1785.898924	0.000000	0.000000
3680	545.395765	209.314273	0.000000	22593.751838	22593.751838	0.000000	0.000000	0.028217	479.567829	1787.155758	366.945774	1823.885891	0.000000	0.000000
3700	608.311123	214.246762	0.000000	22637.742518	22637.742518	0.000000	0.000000	0.027154	504.422677	1826.423534	386.426949	1859.942553	0.000000	0.000000
3720	655.173201	210.851546	0.000000	22682.843674	22682.843674	0.000000	0.000000	0.027297	532.495775	1841.180319	406.151358	1879.322234	0.000000	0.000000
3740	660.670990	211.015321	0.000000	22731.441474	22731.441474	0.000000	0.000000	0.027289	555.762169	1859.027926	422.712352	1897.958783	0.000000	0.000000
3760	672.628923	212.335550	0.000000	22781.191382	22781.191382	0.000000	0.000000	0.027041	577.976408	1874.792066	436.819910	1915.007896	0.000000	0.000000
3780	556.887423	212.961196	0.000000	22830.131588	22830.131588	0.000000	0.000000	0.027366	570.966076	1906.401385	431.686541	1935.565873	0.000000	0.000000
3800	608.577451	215.988039	0.000000	22875.988778	22875.988778	0.000000	0.000000	0.026854	574.240591	1917.327595	431.163432	1953.821223	0.000000	0.000000
3820	652.506919	215.935622	0.000000	22917.786260	22917.786260	0.000000	0.000000	0.026973	587.477713	1940.514273	438.072487	1971.889946	0.000000	0.000000
3840	675.429291	217.478254	0.000000	22960.075257	22960.075257	0.000000	0.000000	0.026836	599.283011	1964.157206	445.708070	1997.192155	0.000000	0.000000
3860	682.630551	219.511331	0.000000	23004.790443	23004.790443	0.000000	0.000000	0.026805	602.606195	1980.406979	453.023511	2015.911270	0.000000	0.000000
3880	738.389646	223.356658	0.000000	23057.795351	23057.795351	0.000000	0.000000	0.026283	615.116819	1999.767474	463.050580	2036.385752	0.000000	0.000000
3900	713.022766	225.940855	0.000000	23120.517742	23120.517742	0.000000	0.000000	0.025836	617.084882	2013.311412	464.729404	2057.891322	0.000000	0.000000
3920	710.511095	227.688202	0.000000	23191.675485	23191.675485	0.000000	0.000000	0.025706	614.525443	2037.860652	464.183861	2080.091954	0.000000	0.000000
3940	529.489646	231.064928	0.000000	23273.956389	23273.956389	0.000000	0.000000	0.025690	570.971976	2070.779930	433.071265	2099.407147	0.000000	0.000000
3960	586.024323	235.795611	0.000000	23361.583536	23361.583536	0.000000	0.000000	0.025173	538.878643	2089.051735	409.474477	2117.738657	0.000000	0.000000
3980	543.022550	225.610113	0.000000	23455.158916	23455.158916	0.000000	0.000000	0.026495	505.857009	2078.631444	382.881338	2109.486334	0.000000	0.000000
4000	456.160156	180.960668	0.000000	23560.188531	23560.188531	0.000000	0.000000	0.050296	472.946945	1987.128908	352.757746	2022.100871	0.000000	0.000000
4020	322.471604	157.490043	0.000000	23682.740129	23682.740129	0.000000	0.000000	0.043265	436.658936	1867.477974	316.823104	1900.184620	0.000000	0.000000
4040	317.031107	117.998199	0.000000	23798.224606	23798.224606	0.000000	0.000000	0.312501	430.810743	1735.845536	305.890084	1766.583953	0.000000	0.000000
4060	305.275916	172.205786	0.000000	23917.192839	23917.192839	0.000000	0.000000	0.044986	420.409875	1719.330131	297.316723	1760.125532	0.000000	0.000000
4080	311.011003	153.462863	0.000000	23988.011682	23988.011682	0.000000	0.000000	0.030850	432.625796	1677.335454	302.439682	1715.350757	0.000000	0.000000
4100	309.868342	204.229996	0.000000	24064.166719	24064.166719	0.000000	0.000000	0.033968	431.467060	1729.037952	306.903348	1773.887711	0.000000	0.000000
4120	313.535893	179.416820	0.000000	24126.956998	24126.956998	0.000000	0.000000	0.031068	443.387338	1719.109668	312.396670	1763.312784	0.000000	0.000000
4140	341.483777	209.848267	0.000000	24200.047876	24200.047876	0.000000	0.000000	0.032798	447.874645	1761.774676	317.233954	1806.828902	0.000000	0.000000
4160	334.174442	200.730892	0.000000	24255.007546	24255.007546	0.000000	0.000000	0.031525	450.013147	1746.256756	316.514682	1788.102224	0.000000	0.000000
4180	333.995458	212.010882	0.000000	24301.886547	24301.886547	0.000000	0.000000	0.021177	451.863963	1768.225088	316.384640	1812.889386	0.000000	0.000000
4200	342.035868	199.776559	0.000000	24340.274764	24340.274764	0.000000	0.000000	0.020656	458.064042	1784.759517	318.982318	1825.777115	0.000000	0.000000
4220	365.682889	202.733201	0.000000	24374.260887	24374.260887	0.000000	0.000000	0.033409	472.052357	1808.869385	327.891453	1851.250325	0.000000	0.000000
4240	410.828369	219.173773	0.000000	24407.755134	24407.755134	0.000000	0.000000	0.023179	480.013590	1877.627185	336.156570	1918.371892	0.000000	0.000000
4260	441.532736	205.595642	0.000000	24432.533593	24432.533593	0.000000	0.000000	0.036117	495.015639	1909.103480	348.205224	1944.185789	0.000000	0.000000
4280	493.357316	219.519188	0.000000	24475.237542	24475.237542	0.000000	0.000000	0.023869	506.397388	1962.042060	358.357087	2000.797989	0.000000	0.000000
4300	543.176738	215.324529	0.000000	24513.508691	24513.508691	0.000000	0.000000	0.023673	524.341562	1997.127424	370.689161	2029.143021	0.000000	0.000000
4320	603.744578	215.480309	0.000000	24557.554777	24557.554777	0.000000	0.000000	0.023535	548.491814	2017.890794	386.198665	2061.354734	0.000000	0.000000
4340	670.273191	217.234618	0.000000	24602.189373	24602.189373	0.000000	0.000000	0.023749	577.614485	2055.780434	409.966511	2093.082266	0.000000	0.000000
4360	705.795013	219.089400	0.000000	24652.143507	24652.143507	0.000000	0.000000	0.023419	608.078273	2072.920191	429.007250	2117.318108	0.000000	0.000000
4380	705.703336	219.394100	0.000000	24699.569163	24699.569163	0.000000	0.000000	0.023413	634.440103	2094.570575	445.380069	2136.008461	0.000000	0.000000
4400	713.391049	220.581548	0.000000	24746.994762	24746.994762	0.000000	0.000000	0.023219	657.738731	2111.482814	458.959157	2155.587937	0.000000	0.000000
4420	575.457487	220.971255	0.000000	24792.834749	24792.834749	0.000000	0.000000	0.023370	644.858203	2137.601840	449.646338	2176.244193	0.000000	0.000000
4440	475.914997	223.780153	0.000000	24841.384018	24841.384018	0.000000	0.000000	0.023385	608.577341	2165.626326	423.837285	2196.195601	0.000000	0.000000
4460	581.278000	226.469371	0.000000	24885.435734	24885.435734	0.000000	0.000000	0.023340	597.073184	2196.209737	415.287840	2218.882959	0.000000	0.000000
4480	633.103020	229.380127	0.000000	24931.696352	24931.696352	0.000000	0.000000	0.022964	593.060095	2210.265542	412.303231	2243.808409	0.000000	0.000000
4500	502.165561	224.674813	0.000000	24981.341349	24981.341349	0.000000	0.000000	0.024298	559.676066	2226.209044	390.342284	2259.225190	0.000000	0.000000
4520	507.756152	211.116830	0.000000	25040.272452	25040.272452	0.000000	0.000000	0.026335	537.080353	2203.734355	371.719976	2230.380598	0.000000	0.000000
4540	442.485119	181.296570	0.000000	25110.536831	25110.536831	0.000000	0.000000	0.037107	515.053150	2108.241627	349.935709	2143.081745	0.000000	0.000000
4560	378.900968	177.497092	0.000000	25184.727986	25184.727986	0.000000	0.000000	0.027049	492.190524	2050.614218	329.801169	2080.030278	0.000000	0.000000
4580	341.513663	149.108672	0.000000	25248.706901	25248.706901	0.000000	0.000000	0.038650	480.336885	1943.260946	318.186702	1973.929888	0.000000	0.000000
4600	352.809311	172.466140	0.000000	25318.669087	25318.669087	0.000000	0.000000	0.062983	481.141320	1913.800543	316.779820	1955.387338	0.000000	0.000000
4620	348.486639	184.667619	0.000000	25372.237248	25372.237248	0.000000	0.000000	0.478098	480.909398	1910.114270	316.010837	1961.934761	0.000000	0.000000
4640	362.549721	185.998505	0.000000	25406.312112	25406.312112	0.000000	0.000000	0.032730	484.173237	1923.810208	320.630950	1965.703812	0.000000	0.000000
4660	384.048254	193.131979	0.000000	25452.952452	25452.952452	0.000000	0.000000	0.042216	498.539356	1933.293030	329.356461	1982.461816	0.000000	0.000000
4680	392.165155	214.991694	0.000000	25500.526936	25500.526936	0.000000	0.000000	0.018409	498.089343	1982.373375	331.967251	2030.806700	0.000000	0.000000
4700	381.630348	195.561009	0.000000	25535.913565	25535.913565	0.000000	0.000000	0.028578	506.453213	1964.471385	336.784894	2007.411298	0.000000	0.000000
4720	403.507226	225.109775	0.000000	25595.165308	25595.165308	0.000000	0.000000	0.019395	504.974740	2009.621461	337.277847	2054.572468	0.000000	0.000000
4740	407.018676	198.039258	0.000000	25641.565264	25641.565264	0.000000	0.000000	0.045486	507.602828	1990.918257	338.578574	2035.800037	0.000000	0.000000
4760	406.746403	212.978317	0.000000	25700.067583	25700.067583	0.000000	0.000000	0.022869	509.349392	2014.411664	339.215901	2057.483601	0.000000	0.000000
4780	429.246283	199.174339	0.000000	25751.160230	25751.160230	0.000000	0.000000	0.032203	521.806296	2021.919520	346.302831	2063.254628	0.000000	0.000000
4800	459.182430	223.416704	0.000000	25808.743959	25808.743959	0.000000	0.000000	0.024217	530.738257	2059.953652	352.159845	2115.336895	0.000000	0.000000
4820	543.782780	223.585072	0.000000	25850.126138	25850.126138	0.000000	0.000000	0.023426	555.146053	2116.755989	372.482416	2170.983849	0.000000	0.000000
4840	636.279939	236.209837	0.000000	25897.392420	25897.392420	0.000000	0.000000	0.020353	585.257260	2186.349579	393.906042	2239.366891	0.000000	0.000000
4860	694.289518	227.473248	0.000000	25941.376919	25941.376919	0.000000	0.000000	0.020878	620.308120	2239.266848	417.621291	2283.262474	0.000000	0.000000
4880	704.656221	226.318238	0.000000	25998.304172	25998.304172	0.000000	0.000000	0.020726	646.295694	2248.210399	431.968812	2301.250222	0.000000	0.000000
4900	704.941913	225.404059	0.000000	26054.323713	26054.323713	0.000000	0.000000	0.020778	667.897628	2267.785169	445.516599	2320.660608	0.000000	0.000000
4920	714.389609	226.976399	0.000000	26116.865312	26116.865312	0.000000	0.000000	0.020679	684.605255	2294.951407	456.381198	2343.522328	0.000000	0.000000
4940	709.820432	229.831792	0.000000	26188.498889	26188.498889	0.000000	0.000000	0.020411	693.718745	2317.090310	461.407293	2365.066252	0.000000	0.000000
4960	708.581315	231.116682	0.000000	26261.320613	26261.320613	0.000000	0.000000	0.020305	702.726808	2341.773864	464.497462	2387.884723	0.000000	0.000000
4980	700.506329	232.291524	0.000000	26334.127470	26334.127470	0.000000	0.000000	0.020162	705.961516	2363.701258	464.647581	2410.746021	0.000000	0.000000
5000	678.895006	233.598741	0.000000	26411.409555	26411.409555	0.000000	0.000000	0.020013	701.306520	2381.687602	460.065719	2431.285250	0.000000	0.000000
